code,name,x,y,kappa,WIND_SPEED,SOLAR_IRRAD,M,M_norm,IPH,IPH_norm,rank_M,rank_IPH,delta_rank
2514602,São José do Bonfim,0.6106030742913446,0.8900056238504597,0.2457076422312042,3.1004743125346197,5.898803618927939,1.0793266997621653,0.7631992285175239,0.9507231115092386,1.0,1,1,0
2510808,Patos,0.6059429230439505,0.8353382221750183,0.2574587179842692,3.0904786224959158,5.824058686133446,1.0319674274964143,0.7297111659463513,0.9175816672297052,0.9651408029547924,2,2,0
2513604,Santana dos Garrotes,0.2550819899733685,0.9764910688804693,0.2856278043344168,2.3379070969204117,6.0170523115372685,1.0092579596971705,0.7136531472683685,0.9174923287789787,0.9650468340066886,6,3,3
2511301,Piancó,0.24106989983846897,0.9801700974398416,0.28323872740541145,2.3078521690119755,6.02208252577814,1.0093800654477767,0.7137394890726441,0.9158981536565682,0.9633700312624283,5,4,1
2513802,Santa Teresinha,0.5414616032257714,0.8721615946635216,0.2571505744646189,2.9521708183126356,5.874406067160634,1.0265702679182949,0.7258947978095172,0.9125590620671129,0.9598578713611562,3,5,-2
2511004,Pedra Branca,0.22446703523292477,0.9770499722296768,0.2863503403002209,2.272240215763808,6.017816481627574,1.002502916773947,0.708876610610151,0.9118636692892349,0.9591264357102713,9,6,3
2510204,Nova Olinda,0.2461606652841839,0.9628738981080097,0.2879424801460196,2.318771495607559,5.998434003678383,0.9938416457317866,0.7027521671225446,0.9051043690518001,0.9520167944744498,12,7,5
2514552,São José de Princesa,0.2880316527532218,0.8941454427310933,0.35720857312281346,2.4085817592956724,5.904463856556416,0.9393925195276656,0.6642508207539285,0.901526908631097,0.9482539108573427,32,8,24
2505907,Emas,0.3483710962393822,0.9425437979354342,0.2679230618725932,2.538005535945157,5.970637329160613,1.0048637876456596,0.7105459984130448,0.9009176579091864,0.947613082087604,8,9,-1
2510402,Olho d'Água,0.3534739936918223,0.9462269321851069,0.25660988362677767,2.54895088482464,5.975673156976233,1.010093694371411,0.7142441009237966,0.8975261965429645,0.9440458380339298,4,10,-6
2508802,Malta,0.4693673409568223,0.8592246702924061,0.28272167061625564,2.797533798835551,5.85671783773961,0.9790672779722401,0.6923051114920254,0.888034769189224,0.9340624609193531,16,11,5
2512309,Princesa Isabel,0.2960244382684001,0.9092442120246041,0.31322191588648857,2.425725710707172,5.925107905139942,0.9562193812888155,0.6761492088113262,0.8879339594203433,0.9339564260836998,25,12,13
2504801,Coremas,0.19640776399477752,0.9610008128967481,0.2799758208660548,2.2120550923377658,5.995872996131961,0.9808662356028159,0.6935771666316729,0.887762003193328,0.9337755572009161,15,13,2
2505303,Curral Velho,0.2288882214634014,0.9357914137976394,0.3027736999217932,2.2817233429880464,5.961405017341981,0.9633770747023535,0.6812104623616932,0.8874630744763785,0.9334611347225618,19,14,5
2514404,São José de Espinharas,0.5361671868649138,0.8102707092547251,0.2855509243430799,2.9408146751169473,5.789784703629643,0.971603764168702,0.6870276102700642,0.8832089794318982,0.928986545861745,18,15,3
2503407,Cacimba de Areia,0.6200291051849863,0.7960309248924874,0.23781890647982504,3.120692472441077,5.770315116772697,1.0090100716354042,0.7134778639389184,0.8831563893384334,0.9289312299734195,7,16,-9
2502607,Igaracy,0.13384693088082958,0.9659276697366657,0.27748706412388535,2.0778665943314434,6.002609324768433,0.9751570458490892,0.689540159841732,0.8808786343917289,0.9265354168085447,17,17,0
2504207,Catingueira,0.4416385611317539,0.8890047648647643,0.2547603941041448,2.7380575557763076,5.897435177492461,0.9926601083103828,0.7019166939996443,0.880737267591272,0.926386722831565,13,18,-5
2502102,Boa Ventura,0.1819913025510491,0.9416648969173872,0.2895108606991834,2.181132816987365,5.969435636826359,0.9590899917581567,0.6781790369403425,0.8745192336330844,0.9198464022241098,22,19,3
2504504,Condado,0.42637730567726523,0.8623192505806937,0.278808570320553,2.705323257890622,5.860948955162173,0.9619730228642867,0.6802176477858588,0.8698681576718436,0.9149542565457983,20,20,0
2516706,Teixeira,0.598303653101916,0.7964412662380549,0.23240389643794845,3.074092936622466,5.770876162942027,0.9961355087948498,0.70437417324955,0.868073475663004,0.9130665544513467,10,21,-11
2508703,Mãe d'Água,0.5300948660741076,0.8428081633879987,0.23246246388098096,2.9277899827371843,5.83427209004201,0.9956536382254512,0.704033439302274,0.8676947872570817,0.9126682382630287,11,22,-11
2509008,Manaíra,0.2760155211263895,0.8604894184916025,0.3510026846105565,2.382808019167979,5.85844708618116,0.9036739496293388,0.638993977764536,0.8632825794098664,0.9080273414616339,51,23,28
2513927,São Bentinho,0.36669952170835807,0.8834725230249252,0.27560473568666033,2.577318693428579,5.889871125939826,0.9565522662986929,0.676384594059166,0.8627993913273715,0.9075191092785244,24,24,0
2505501,Vista Serrana,0.4291589500176949,0.8462386867969405,0.2830449163141236,2.711289685405265,5.838962531398152,0.9488399862000445,0.6709311885030016,0.8608348506053691,0.9054527445312914,28,25,3
2509396,Maturéia,0.558184451489342,0.8133099289361967,0.23207039977855315,2.9880401278978987,5.793940128322917,0.9864293803363011,0.6975109039974425,0.859382538338029,0.9039251575296096,14,26,-12
2516607,Tavares,0.3249130685271637,0.8972752580367283,0.27325328142274485,2.487689749722171,5.90874314965448,0.954291040922325,0.6747856662617451,0.8591730638248001,0.9037048257519414,26,27,-1
2501104,Areia,0.9602695043672291,0.030542408154079485,0.26389482511909584,3.8504837148974973,4.723687949850424,0.9607550987184685,0.6793564453633799,0.8586350957060797,0.9031389742309172,21,28,-7
2508000,Juru,0.34726791984018485,0.8926499885628668,0.26530602271192766,2.5356393017267815,5.902419171463003,0.9578199257853302,0.6772809646784026,0.8569676836757272,0.9013851386397055,23,29,-6
2507002,Itaporanga,0.14493838957879152,0.9364040904467777,0.27715977682288667,2.1016569773761797,5.962242709889296,0.94755461973395,0.6700222971585165,0.8557255275053287,0.9000786003265402,29,30,-1
2503753,Cajazeirinhas,0.3078415065761063,0.8868919664803488,0.2695526280084277,2.4510724742990355,5.894546418041464,0.9387991017136879,0.663831210993588,0.8427686584709267,0.8864501643733704,33,31,2
2514651,São José do Brejo do Cruz,0.5063431334010438,0.7655640869056389,0.29584838466611124,2.876844220447846,5.728658815430489,0.9178625931489157,0.6490268638130674,0.8410404130770756,0.8846323423672264,48,32,16
2513968,São Domingos,0.20634160107571162,0.9125939400158133,0.268977997674613,2.2333624600785718,5.929687877589873,0.9356305658154151,0.6615907177734863,0.8395440643203086,0.883058436422738,36,33,3
2512101,Pombal,0.2776404289230381,0.8888829958047407,0.2732517906853515,2.3862933297972972,5.897268686678394,0.9312342283246354,0.6584820377213714,0.8384134336628754,0.881869204096579,40,34,6
2500205,Aguiar,0.08780439748930238,0.9188491743542258,0.2841792075707355,1.9791086639669015,5.938240452907321,0.9230348950228814,0.6526842335424924,0.8381635218245107,0.8816063390885243,43,35,8
2507408,Jericó,0.3094479054255818,0.8784862183143721,0.270377702720124,2.454518084564768,5.883053516193239,0.9313946757098016,0.658595491155446,0.8366650270758872,0.8800301759233682,39,36,3
2514206,São José da Lagoa Tapada,0.09734481718858483,0.9170696837409635,0.28249280475824856,1.999572179653543,5.935807414163567,0.9222216752333627,0.6521092003147286,0.8363253573202948,0.8796729007593583,44,37,7
2500775,Aparecida,0.1519956026193302,0.9223239600465333,0.26003925194810695,2.11679419296114,5.942991412621645,0.9347642218717683,0.6609781200960938,0.832858375999948,0.876026222480082,37,38,-1
2500106,Água Branca,0.4077545226650598,0.8485173149509082,0.24945556159746815,2.6653787245984595,5.84207802441615,0.941406067818404,0.6656746144045562,0.8317308491820228,0.8748402548684023,31,39,-8
2508109,Lagoa,0.25567233999062067,0.8855124195670139,0.27611450843506535,2.33917335534713,5.892660209109562,0.9216835631840826,0.6517286976356446,0.8316804466163359,0.8747872398895123,45,40,5
2512606,Quixaba,0.6212052943762308,0.7151130068300238,0.24167074504958988,3.1232153138593954,5.659678719905745,0.947250035787034,0.6698069237842116,0.8316796620945158,0.8747864147051757,30,41,-11
2506707,Imaculada,0.4574240132805764,0.833195106233528,0.2321623120793992,2.7719162179578523,5.821128474487965,0.9505002961478807,0.672105204925988,0.8281427032622038,0.8710661319125368,27,42,-15
2513901,São Bento,0.47311131261268974,0.7800146985987201,0.27266579132017993,2.805564349390465,5.748416659533841,0.9122813404603617,0.6450803221894752,0.8209716587043451,0.8635234052542198,50,43,7
2510907,Paulista,0.40671355570354206,0.8020173307472889,0.2825899438390831,2.663145925160098,5.778500131783182,0.899248416852665,0.6358646535277866,0.8155536102574619,0.8578245341725205,54,44,10
2513984,São Francisco,0.19179237382108502,0.898127957703123,0.254337503726587,2.202155411590342,5.909909017745979,0.9183779957424446,0.6493913084819928,0.8145558728230448,0.8567750830522746,47,45,2
2502003,Belém do Brejo do Cruz,0.4746913609191779,0.7536818843551186,0.28994504731011234,2.808953439632261,5.712412672320157,0.89071222678056,0.6298286556423038,0.8124443549997761,0.8545541232399936,59,46,13
2512705,Remígio,0.8941175122159577,0.28146299373937117,0.2172479455013452,3.7085924384380404,5.06676337929329,0.9373726806857465,0.6628225790119036,0.8068194225341426,0.8486376451429123,35,47,-12
2502300,Bom Sucesso,0.2454601883950292,0.885926481734927,0.23667545966209022,2.317269022942711,5.893226342636396,0.9193021457204097,0.6500447811982453,0.8038944285892827,0.8455610459633504,46,48,-2
2502805,Brejo do Cruz,0.4668745834076654,0.7583210665273371,0.27394064421636405,2.7921870127592525,5.7187556728845985,0.8905182292189414,0.6296914786509498,0.8021895679701458,0.8437678207871678,60,49,11
2512804,Riacho dos Cavalos,0.4026201701799389,0.7967144754540959,0.26659995569659006,2.654365906930918,5.771249712879759,0.8926684473161456,0.6312119124485128,0.7994929803424463,0.8409314664427165,58,50,8
2502904,Brejo dos Santos,0.31348174150611163,0.8468425003321162,0.25113033996431733,2.4631703735114976,5.83978810570247,0.9030022273651681,0.638518998396467,0.7988704915374472,0.840276713447377,52,51,1
2500403,Alagoa Nova,0.9119544657723697,0.21779701127156703,0.20022619953209242,3.746851423934348,4.979714984180171,0.9376014535830217,0.6629843458789186,0.7957311818035248,0.8369746902863551,34,52,-18
2504306,Catolé do Rocha,0.3764997902575946,0.8107978432168413,0.2559858458881119,2.59833956625304,5.790505436486236,0.8939492349284127,0.6321175660544066,0.7939307159015784,0.835080904514083,57,53,4
2500908,Arara,0.884954180032638,0.07981137566089119,0.2631776856889218,3.688937748415402,4.791051781901823,0.8885458662568425,0.6282968074254884,0.7936505071294667,0.834786172253218,61,54,7
2509370,Mato Grosso,0.33921604798030724,0.8016852553842735,0.2809177454521282,2.5183686143456145,5.778046096106882,0.8704980045398875,0.6155350420195124,0.7884497582704147,0.8293158636048925,65,55,10
2513208,Santa Cruz,0.19489394922514763,0.8785424557727344,0.2306682017231482,2.2088080682799753,5.883130407812685,0.8999002711632891,0.6363255841311746,0.7831056623331445,0.8236947780621348,53,56,-3
2515807,Serra Redonda,0.9023855260148264,0.24075849924697132,0.1819466320686092,3.72632673476918,5.011109468333131,0.9339509047700038,0.6604030180581811,0.7805611230018121,0.8210183528227262,38,57,-19
2505600,Diamante,0.16964002653872154,0.8255873240765801,0.30234648442275674,2.154640216200912,5.8107266052092275,0.8428357896292648,0.5959749022735715,0.776165818780182,0.8163952357780035,79,58,21
2509339,Matinhas,0.9064055733023982,0.19352550135633678,0.1840914610936913,3.734949447744423,4.946529350295365,0.9268350354776576,0.655371338627526,0.7760196059143954,0.8162414445594915,42,59,-17
2500304,Alagoa Grande,0.8512409481211228,0.0993286653624962,0.2770547253196836,3.6166252850422684,4.8177371275075656,0.8570165316496776,0.6060022011184625,0.7738979744924618,0.8140098469510505,73,60,13
2511608,Pilões,0.8432478325170187,0.07994920762435843,0.289914500151625,3.599480625613708,4.791240234993254,0.8470293872377822,0.5989402235801219,0.7725816791200555,0.8126253267301033,76,61,15
2515104,São Sebastião de Lagoa de Roça,0.8406670970623036,0.39970765279573195,0.1722609815811005,3.5939451332428005,5.228435396319956,0.9308530366210522,0.6582124944828357,0.7715968248713937,0.8115894265434566,41,62,-21
2515906,Serraria,0.8599206879300788,0.023332500126865077,0.2668787180495374,3.63524270412184,4.713830080728565,0.8602371737447239,0.6082795389836445,0.7706164025633632,0.8105581880091643,69,63,6
2506004,Esperança,0.8315528820288435,0.3847096792124296,0.18855514385842254,3.5743957959822326,5.207929162381986,0.9162323574782798,0.6478741131154285,0.7700341097160561,0.8099457143664623,49,64,-15
2517407,Zabelê,0.5833813156424016,0.6184023285833654,0.27574810810226635,3.0420855935170996,5.527449403631074,0.850150104062799,0.6011469036092542,0.7669120249710415,0.8066618089820036,75,65,10
2513505,Santana de Mangueira,0.24045499570222595,0.7885743634094549,0.31014935348429934,2.306533243761891,5.760120006526994,0.8244198757822281,0.5829528847105846,0.7637553450153798,0.8033415152840302,86,66,20
2509701,Monteiro,0.5429455192566277,0.6668106071857318,0.2526561237522089,2.955353711721127,5.59363644416965,0.8598989607717021,0.6080403862969356,0.7616655133835151,0.8011433656792024,70,67,3
2508406,Lastro,0.16064655634324415,0.8642104835302767,0.2244093241675631,2.135349867953828,5.863534775511831,0.8790148325873562,0.6215573488860774,0.7610406134809843,0.8004860766168393,63,68,-5
2510600,Ouro Velho,0.553081772029222,0.7078261398817528,0.1966243102314483,2.9770952465963014,5.64971562739287,0.8982857512233438,0.6351839461332783,0.7600765514118235,0.7994720462882504,55,69,-14
2516201,Sousa,0.07487486599962175,0.8594782270401882,0.24199654221362635,1.9513757466739747,5.857064517506559,0.8627334862601582,0.610044698491269,0.7576734061219103,0.796944343678709,67,70,-3
2514909,São Mamede,0.601716462967172,0.6175454061325579,0.24073002125591209,3.0814131688988766,5.526277761865916,0.8622209870103777,0.6096823067963961,0.756451141470846,0.7956587278813567,68,71,-3
2508307,Lagoa Seca,0.7941076796009957,0.41506099350916675,0.1629702657122029,3.494078523637352,5.249427511998141,0.8960371840130823,0.6335939690109488,0.7368509464943124,0.7750426360463544,56,72,-16
2517209,Vieirópolis,0.13079057550396636,0.8455132300213657,0.21013826238372174,2.0713109313554114,5.837970638308782,0.8555692822804134,0.6049788412753877,0.7321080437599151,0.7700539041253768,74,73,1
2511707,Pilõezinhos,0.781212845685149,0.08040794623915937,0.3147844062582946,3.466420030150591,4.791867453150377,0.7853400206801434,0.5553192541601129,0.7301250958647029,0.767968178143535,101,74,27
2501203,Areial,0.8075390565799744,0.3590328211568523,0.168238667147184,3.522887863495136,5.172822042399731,0.8837555626811768,0.624909551283193,0.7300435012786223,0.7678823544319908,62,75,-13
2510006,Nazarezinho,0.027283237166898112,0.7961717162629761,0.29195487571838014,1.84929511774268,5.770507616163608,0.7966390505162536,0.5633088747780555,0.7277696473049432,0.7654906444313058,95,76,19
2504157,Casserengue,0.7579561035354525,0.31298809627619467,0.25458169963962163,3.4165359870160645,5.109866610803065,0.8200359768310426,0.5798530000341647,0.727472962323996,0.7651785819839375,88,77,11
2514305,São José de Caiana,0.11653976449106311,0.7824775601566841,0.2989684754615403,2.0407439642929615,5.751784048800393,0.7911084937329328,0.5593981805728321,0.7266406017946511,0.7643030794119808,97,78,19
2500577,Algodão de Jandaíra,0.7658844915096417,0.38707351075615465,0.19291084269276004,3.4335418103229576,5.211161151180763,0.858140406381192,0.6067969005623205,0.7238546019931525,0.7613726785752157,71,79,-8
2505402,Desterro,0.5846088882184399,0.6078533919218488,0.21339044271840746,3.04471864860881,5.513026190936613,0.8433583451030155,0.5963444047926069,0.7235986013439464,0.761103409167428,78,80,-2
2505204,Cuitegi,0.7721617102081142,0.09468361468490279,0.3145253551389051,3.447005994012312,4.8113861031295455,0.7779451739045105,0.5500903078592273,0.7231076572971205,0.7605870190209357,104,81,23
2507606,Juarez Távora,0.7733999302386381,0.20339017275961252,0.2762629136043631,3.449661887129891,4.960016989701663,0.7996968265963766,0.5654710489796605,0.721689728529697,0.7590955976488682,94,82,12
2500502,Alagoinha,0.7720181105601305,0.08935004533704206,0.3124516632743008,3.446697983071312,4.804093689913578,0.7771714055693025,0.5495431710223343,0.7212488488492962,0.7586318667528127,105,83,22
2509503,Montadas,0.7750345955408814,0.41187831843907435,0.1617763913400058,3.4531681269085643,5.245075945489948,0.8776801088582429,0.6206135566862108,0.7210141783035922,0.7583850330081996,64,84,-20
2503555,Cacimbas,0.5977908133005984,0.5801642149734665,0.22249009621383084,3.0729929320472182,5.475167693793672,0.8330332363131555,0.589043450350808,0.7200997842934861,0.757423245081687,82,85,-3
2510709,Passagem,0.5933749979695416,0.5791570765367601,0.22525150523505516,3.063521325016849,5.473790666672221,0.8291663328415838,0.5863091366838658,0.7183761522549722,0.7556102755455013,83,86,-3
2509206,Massaranduba,0.8267153145706089,0.26394146118144557,0.1681650521579261,3.5640195609016923,5.042806766515642,0.8678267720439243,0.613646195407491,0.7168400398647046,0.7539945449803434,66,87,-21
2512754,Riachão do Bacamarte,0.8283558086391554,0.22359503484613805,0.1679317714040994,3.567538302965846,4.987642430320653,0.8580023807158549,0.6066993016783828,0.7085833901188637,0.7453099451784791,72,88,-16
2515203,São Sebastião do Umbuzeiro,0.6145660109420664,0.5129721839217238,0.2515502592779726,3.108974527291766,5.383298248907576,0.8005197332250261,0.566052931837062,0.7084436936057315,0.7451630080614141,93,89,4
2506806,Ingá,0.8038081745384605,0.22866176858049342,0.18860264673082794,3.5148853892237715,4.994570008015133,0.8356995787154684,0.5909288391444486,0.7023795822366673,0.738784587998145,80,90,-10
2502706,Borborema,0.7798276589625371,0.07540144487647722,0.2673314296541267,3.463448904024009,4.785022229188373,0.7834644571213499,0.5539930304491436,0.7020927792975353,0.738482919788274,102,91,11
2516003,Solânea,0.7797813611912174,0.053742863109089815,0.26216730674227284,3.4633495986266034,4.755409165662168,0.7816311576417551,0.5526966919551763,0.6975956951304285,0.7337527474461208,103,92,11
2506608,Ibiara,0.18146324936302502,0.7315618671398004,0.308473753324508,2.180000180789261,5.68216870334596,0.7537318331624706,0.5329688904253505,0.6973758044600566,0.7335214596319193,112,93,19
2512200,Prata,0.5363434993729274,0.6311222903392651,0.1901457545380543,2.9411928527954148,5.544840987234002,0.8282389115965737,0.5856533508325027,0.6970128491242887,0.7331396919738346,84,94,-10
2517100,Várzea,0.5829204595771774,0.5312734852477609,0.24797299819703747,3.0410970903257035,5.408321013768211,0.7887000559914843,0.5576951579137882,0.6959884983016406,0.7320622480679826,98,95,3
2512408,Puxinanã,0.7276728440379365,0.4288595977493222,0.15343564386745734,3.3515805683549056,5.268293887845148,0.844646862618911,0.5972555242657741,0.688895810184889,0.7246019391400844,77,96,-19
2512507,Queimadas,0.6455625431633132,0.5306712529190085,0.1400718875525093,3.1754598647647794,5.407497601395212,0.8356811448214653,0.5909158044129953,0.673686496521733,0.7086043121979858,81,97,-16
2504009,Campina Grande,0.6669309740541254,0.4829340544080185,0.1439701134716335,3.221293615743884,5.342228106501616,0.8234210496822093,0.5822466080020352,0.6660727182245619,0.7005959044870547,87,98,-11
2511806,Pirpirituba,0.7243708384752066,0.07768332591363651,0.2927743194156627,3.3444980033567027,4.788142169766125,0.7285244064259468,0.5151445480436914,0.6659656424978723,0.7004832789230041,128,99,29
2501575,Barra de Santana,0.5920638823009498,0.5777298236612928,0.13386974144201716,3.0607090759862063,5.471839230953895,0.8272311586690756,0.5849407619037081,0.6632466304586541,0.6976233378883301,85,100,-15
2507200,Itatuba,0.7686372677157656,0.2550306949787103,0.15723869774207994,3.439446317760934,5.030623370185135,0.809841901054077,0.5726446999243429,0.6626866068093507,0.6970342876774707,89,101,-12
2512002,Pocinhos,0.6900837436166223,0.4094066936763971,0.16478134471394576,3.270954645139372,5.241696574583016,0.8023898142617286,0.5673752788194826,0.6608681402208068,0.6951215682257923,92,102,-10
2504108,Carrapateira,0.04329234261694375,0.7130378591980053,0.3002153433866265,1.8836335002072113,5.656841439084997,0.7143509050732262,0.5051223691240259,0.6567678546228615,0.6908087609022844,136,103,33
2515708,Serra Grande,0.09629084903905967,0.6989963304916077,0.3018964360925863,1.9973114935997993,5.6376429206384335,0.7055974756540699,0.4989327598231027,0.6495587818635357,0.6832260350044342,142,104,38
2505352,Damião,0.6423191690220602,0.3531963959930891,0.24757152010990868,3.168503059958575,5.164842091034646,0.7330222432066417,0.5183249989319909,0.6466475068285507,0.6801638657989718,123,105,18
2513158,Santa Cecília,0.6038474161976666,0.530324804986089,0.13362843164584587,3.085983910672743,5.407023914578769,0.8036641716737977,0.5682763855872119,0.644214267734601,0.677604509594738,91,106,-15
2504355,Caturité,0.5661730538003401,0.570395128339298,0.1332972712219978,3.005175106636596,5.461810744285269,0.8036806139772236,0.5682880120514627,0.6440392533260965,0.6774204240219925,90,107,-17
2500734,Amparo,0.5444386956314966,0.5323613704679924,0.19457900989032292,2.958556467903054,5.409808443299928,0.7614605190471035,0.5384338966240351,0.6432018311205282,0.6765395974222911,110,108,2
2501609,Barra de Santa Rosa,0.658691498034047,0.38306922629043083,0.19090882947905716,3.2036205309005346,5.205686225281458,0.7619819694146879,0.5388026177150063,0.64166479478323,0.6749228950210439,108,109,-1
2506400,Gurinhém,0.659151929040286,0.22754146131947559,0.29892700837699343,3.204608122370907,4.993038248897861,0.6973208602766252,0.49308030896443866,0.640475330612782,0.6736717797846005,144,110,34
2506103,Fagundes,0.7139472772735144,0.33413716717303066,0.14893780554840635,3.322140212516794,5.138783036943731,0.7882692187398176,0.5573905099715469,0.6404070293602162,0.6735999384127658,99,111,-12
2508505,Livramento,0.5588720605174409,0.5002928595026805,0.19680111070704087,2.989514999924109,5.365962227393191,0.7500872784525671,0.5303918010755723,0.6347734966371528,0.6676744142986835,114,112,2
2506251,Gado Bravo,0.6505611761129106,0.44363747926773134,0.13988359450706628,3.1861815737671146,5.288499197171834,0.7874287630487219,0.5567962180530863,0.6346828744422923,0.667579095068759,100,113,-13
2500536,Alcantil,0.5628782724332255,0.5572464706765596,0.13205964659189368,2.998108037019619,5.443833018927586,0.7920578126998649,0.5600694504518587,0.6340320241454473,0.666894510578316,96,114,-18
2503902,Camalaú,0.5430860642797404,0.517422573896778,0.19393238327062245,2.955655170710962,5.389383120136131,0.7501123870413187,0.5304095555289445,0.6332731447421843,0.6660962977295104,113,115,-2
2513406,Santa Luzia,0.5778749267082814,0.44303686241244183,0.22973185140544478,3.030274784361755,5.287677993582346,0.7281628199615541,0.514888867802734,0.6331752406711094,0.6659933191967602,129,116,13
2513000,Salgadinho,0.5623625966387796,0.47035968288927216,0.21573187304935337,2.997001949442607,5.325035583621497,0.7331370413408447,0.5184061734711535,0.6302429082744334,0.6629090012064034,122,117,5
2501153,Areia de Baraúnas,0.5802677317305583,0.44106408053803065,0.22223788570110367,3.0354071794399418,5.284980674081111,0.7288677271141765,0.5153873124304602,0.6299258990621798,0.6625755611033745,127,118,9
2506301,Guarabira,0.6684340769061542,0.09870418783881656,0.3178655367502173,3.224517663507049,4.816883300014241,0.675682345385983,0.4777795683504595,0.6296492272924654,0.6622845491711251,154,119,35
2514107,São João do Tigre,0.5836584085748804,0.44281339528935904,0.2122594861420033,3.0426799379745937,5.287372454365469,0.7326259898118904,0.5180448054694942,0.6280047296769831,0.66055481567083,124,120,4
2509404,Mogeiro,0.6618723325706819,0.25169294927394814,0.24805063100410685,3.210443192742333,5.026059780719722,0.7081132150558791,0.5007116562138202,0.6249134984887698,0.6573033630125412,139,121,18
2516508,Taperoá,0.5567314737176241,0.48426533163766255,0.19426408664649542,2.984923594835299,5.344048317889224,0.7378772562248634,0.5217580115599245,0.6231168551261048,0.6554135979054189,116,122,-6
2516300,Sumé,0.5296155725000818,0.5105318832110849,0.1883237930059825,2.9267619324123832,5.379961706342448,0.735619098725452,0.5201612530791034,0.6181199932337049,0.6501577438802995,117,123,-6
2514701,São José do Sabugi,0.5592374322842273,0.4305018209508292,0.23668496257437835,2.990298696146787,5.27053924539038,0.705746642577799,0.4990382367664002,0.6171530831586394,0.6491407179309349,141,124,17
2502151,Boa Vista,0.5774951308625552,0.5037241649773401,0.13866312503281844,3.0294601495247435,5.370653738041959,0.7663149878164189,0.5418665244098764,0.6170034300352218,0.6489833081429472,106,125,-19
2516102,Soledade,0.6044195453186471,0.4303637185381773,0.1743669264722803,3.0872110865843907,5.270350422522711,0.7419810759023491,0.5246598502826414,0.6161431758198322,0.6480784661285105,115,126,-11
2501302,Aroeiras,0.7095246944213837,0.26956350756560243,0.1477900846766055,3.312654089639322,5.050493604855722,0.7590057816675894,0.5366981351769485,0.6160167980205261,0.6479455380469522,111,127,-16
2501500,Bananeiras,0.6841213646297043,0.06404523265137949,0.2657401442569942,3.2581657700401268,4.769495255277954,0.6871126788003392,0.4858620346189739,0.6149750817876167,0.6468498286650106,150,128,22
2504702,Congo,0.5225087355472736,0.5110352682247675,0.18277715402527905,2.9115182770963455,5.380649968046212,0.7308710037296395,0.5168038429098466,0.6112637785062357,0.6429461649837002,125,129,-4
2502508,Boqueirão,0.518315640382233,0.5612830449441968,0.1293700299368733,2.9025243888409014,5.449352093606602,0.763995915962038,0.5402266929755847,0.6101158364185341,0.641738723959279,107,130,-23
2514503,São José de Piranhas,0.054790922533327874,0.6571337908898974,0.30625945740063587,1.9082971290526727,5.58040565284741,0.6594140310316279,0.46627613295202053,0.6090776084287731,0.6406466836194656,158,131,27
2512788,Riacho de Santo Antônio,0.5310831209696535,0.5458864361787529,0.13081238853902807,2.9299097185763654,5.428300818949932,0.7616044134475635,0.5385356453303751,0.6089827794094483,0.6405469395213399,109,132,-23
2509800,Mulungu,0.6458153912831006,0.10018678651542587,0.31604861940982876,3.1760022058387256,4.818910408218547,0.6535402908852919,0.4621227714636187,0.6081760353825392,0.6396983811796493,162,133,29
2503506,Cacimba de Dentro,0.6524752426640988,0.20411661169876605,0.25434814575926945,3.19028710917647,4.961010225670856,0.6836574679332915,0.4834188315844551,0.6063755150230737,0.6378045381272729,151,134,17
2514800,São José dos Cordeiros,0.5418362231791868,0.4953238052596354,0.16635749470382444,2.952974351232033,5.35916820364109,0.734119993465626,0.519101225584168,0.6054576049700351,0.6368390519179585,118,135,-17
2507705,Juazeirinho,0.5848224490618522,0.41084707926576897,0.1949295521042969,3.0451767212939718,5.243665966227327,0.7147115638269159,0.5053773933744542,0.6038903823085736,0.6351905986064854,135,136,-1
2504405,Conceição,0.17041853221387437,0.621086123941225,0.320294465944668,2.1563100550128067,5.531118868385378,0.6440422730491113,0.4554066586438246,0.6012708911617942,0.6324353367273237,165,137,28
2501351,Assunção,0.5700837425661289,0.4188337738516119,0.20016012113243065,3.0135632534295835,5.25458590995564,0.707401727208089,0.5002085583319159,0.6003303639591107,0.6314460610998589,140,138,2
2506509,Gurjão,0.5462343984576844,0.4895128926710242,0.15686608843908006,2.962408121615417,5.351223134777399,0.7334813495581071,0.5186496361463979,0.6000081758390354,0.631107173661261,120,139,-19
2513851,Santo André,0.5551458340888294,0.4793770379930733,0.1513712001992573,2.981522511608359,5.337364715436088,0.733477499083097,0.5186469134494075,0.5971551192178847,0.6281062403857234,121,140,-19
2516904,Uiraúna,0.16224665009311764,0.6748545686923251,0.21493980325229403,2.1387819542333335,5.6046346870673345,0.6940840470370593,0.4907915363733072,0.596282172639277,0.6271880481507393,145,141,4
2509156,Marizópolis,0.013567673227314666,0.6920617471324744,0.217657830580653,1.8198762172460998,5.628161493842013,0.6921947295384848,0.48945558715825077,0.5959894284246953,0.6268801307234275,147,142,5
2513356,Santa Inês,0.22226686462476622,0.5879268991692429,0.33689347519971646,2.267521007681513,5.485781355514106,0.628538461732363,0.4444438085275152,0.5941740277133472,0.6249706360562933,172,143,29
2507804,Junco do Seridó,0.575861216019392,0.38075397521805526,0.21034345223489126,3.0259555194269483,5.202520658956677,0.6903547854253523,0.48815455019885057,0.5908346635118473,0.6214581894132337,148,144,4
2502409,Bonito de Santa Fé,0.1056870592703355,0.6254575342485957,0.3120454876284827,2.017465690325249,5.537095753322793,0.6343239563862811,0.4485347710298192,0.588498022374149,0.6190004379297456,166,145,21
2515401,São Vicente do Seridó,0.5814271805466579,0.37681598952117046,0.19339249711243184,3.037894113954772,5.197136381174336,0.692854859431075,0.4899223694817653,0.5846696799070834,0.6149736688097772,146,146,0
2501708,Barra de São Miguel,0.5015884244665246,0.5310115615839966,0.13121624245073404,2.866645710955201,5.407962894193376,0.7304548077018079,0.5165095478762639,0.5842839899385147,0.6145679881611219,126,147,-21
2503100,Cabaceiras,0.48410573044728766,0.5515739119844941,0.12535934298562876,2.829146586746407,5.436077116777187,0.7338883693272298,0.5189374425852216,0.5839910994383474,0.6142599168661027,119,148,-29
2516755,Tenório,0.5771699746361989,0.37715575239672067,0.19745039406278328,3.028762712750641,5.197600927732628,0.689472001742991,0.48753032787073197,0.5837933832263659,0.6140519528336856,149,149,0
2501906,Belém,0.645938438279581,0.07753300563633056,0.2690226097794644,3.176266132816997,4.787936641815637,0.6505750018330456,0.4600259954665971,0.5837833893334171,0.6140414409477035,164,150,14
2503803,Caldas Brandão,0.5726138508484739,0.25722464854310356,0.3146918224248668,3.0189901541484865,5.033623090433382,0.627734929728816,0.44387562559890664,0.5835596551486044,0.6138061104060304,173,151,22
2510501,Olivedos,0.5919837343719,0.38167554224084327,0.17035090489769678,3.0605371644293715,5.20378068711007,0.704358545987583,0.4980567042545166,0.582901114514638,0.613113436980935,143,152,-9
2510303,Nova Palmeira,0.5509558167524007,0.3706845655941104,0.23967117321165754,2.9725352250744383,5.1887530877432075,0.6640477085142296,0.46955263772179956,0.5820908692892116,0.6122611959702582,155,153,2
2515500,Serra Branca,0.5146341944649054,0.49926536962355605,0.143927314427103,2.89462795150865,5.364557374416675,0.7170176172297917,0.507008019373406,0.5799803219948249,0.6100412569902998,134,154,-20
2510659,Parari,0.5338684906167708,0.48998694100807316,0.12972882010549713,2.935884136606546,5.351871285412113,0.7246397502427521,0.5123976813139761,0.5788704279356308,0.6088738360601068,131,155,-24
2504074,Caraúbas,0.5008115936748263,0.5278130468320485,0.12497210291725216,2.8649794646481355,5.403589670611323,0.7275980104186992,0.5144894871449024,0.5787863202822194,0.6087853690265477,130,156,-26
2513109,Salgado de São Félix,0.5979173132992402,0.27528007796509935,0.242829651988736,3.0732642654673574,5.058309682760104,0.6582432945860163,0.4654482972723463,0.57847294531774,0.6084557515378322,159,157,2
2514453,São José dos Ramos,0.5596920732561435,0.2883807937938279,0.2988580193540623,2.9912738684089986,5.076221858831534,0.6296178992809198,0.44520708613796706,0.5782607941035534,0.6082326043232348,171,158,13
2517001,Umbuzeiro,0.6633247384397244,0.2738528034317514,0.1379955178689287,3.2135584991147303,5.056358217429673,0.7176315674310588,0.5074421477240328,0.5774668896877322,0.6073975510819595,133,159,-26
2515609,Serra da Raiz,0.6069429382059595,0.11970194060615567,0.3197910313557431,3.0926235832628084,4.845592833874074,0.6186342092246134,0.43744044441670155,0.5773299752934331,0.6072535402836086,176,160,16
2515930,Sertãozinho,0.6037736946989769,0.11348185443172781,0.3204139037731733,3.085825783347905,4.837088315480392,0.6143458355810001,0.4344081063330409,0.5735985035139223,0.6033286627516138,178,161,17
2505105,Cuité,0.545454607832905,0.37338955094445797,0.22698337425611204,2.960735526678773,5.192451524874392,0.6610147395940972,0.46740800483124595,0.5735018509221592,0.6032270005635455,157,162,-5
2506202,Frei Martinho,0.4924129599943979,0.3801790405670643,0.299398353873148,2.846964998043618,5.201734569796912,0.6220985661910322,0.43989011472010714,0.5715924909523774,0.6012186766397158,174,163,11
2512762,Riachão do Poço,0.5229719706991462,0.31355290680795833,0.3170400025674822,2.9125118832578925,5.110638857588982,0.6097664368466577,0.43116998243423027,0.5678681147721999,0.5973012624787566,179,164,15
2516151,Sossêgo,0.5734611256657042,0.3642830660118351,0.18166308592004818,3.0208074978356403,5.180000528788569,0.6793819359040683,0.48039557389341103,0.5676657163092206,0.5970883735097927,152,165,-13
2500700,São João do Rio do Peixe,0.07784304949110513,0.6532375323881884,0.21837372299235064,1.9577422872825991,5.575078427280897,0.657859266161604,0.46517674816927596,0.5667591265164759,0.5961347943006942,160,166,-6
2501534,Baraúna,0.5512339804836449,0.35635217819113013,0.2146786993898424,2.97313186631845,5.169156887807082,0.6563884338875925,0.46413671269433443,0.5637769785146312,0.5929980787146907,161,167,-6
2511400,Picuí,0.5172825676758541,0.36235221415200347,0.25490226673948113,2.9003085220133635,5.177360538811433,0.6315697759726823,0.4465872713827522,0.5604233791552156,0.5894706590918608,168,168,0
2504850,Coxixola,0.4945227146647076,0.514457158876301,0.11064700225601506,2.85149027042698,5.385328606118265,0.7135957424469596,0.5045883885100941,0.5604195810719296,0.5894666641502843,137,169,-32
2506905,Itabaiana,0.557814023026205,0.29370107032366866,0.25566064754584095,2.9872455854243896,5.083496097216449,0.630410027675598,0.4457672054974144,0.5597323379095833,0.5887438005173015,170,170,0
2513653,Joca Claudino,0.19560400205913478,0.6211998475264611,0.21362051417472472,2.2103310806593712,5.531274358887489,0.651268129258947,0.46051611056967834,0.5588917988953174,0.5878596955617255,163,171,-8
2509909,Natuba,0.634647574417417,0.23676120811763765,0.16082628537901014,3.1520480400032707,5.005644104191701,0.6773724332914901,0.4789746409692449,0.5560063532670736,0.5848246945258684,153,172,-19
2505709,Dona Inês,0.6186404644111573,0.057770720220714424,0.2618703357739475,3.117713937622478,4.760916321661672,0.6213320210013905,0.43934808541842557,0.5544003160685896,0.5831354148827824,175,173,2
2509602,Monte Horebe,0.07592460228178634,0.5886208286098499,0.3139859175124748,1.9536273556758859,5.486730142319637,0.5934972831487889,0.4196659535303011,0.5514351529982603,0.5800165645735454,181,174,7
2505006,Cubati,0.5542938076838222,0.36226251082956284,0.17346758778446944,2.9796949761063716,5.177237890421319,0.6621750161318148,0.46822844423911775,0.5494509029933524,0.5779294689924167,156,175,-19
2514008,São João do Cariri,0.48730794591957366,0.5167743989112691,0.09294989599727416,2.836015109160999,5.38849689188591,0.7102991014540688,0.5022573113088835,0.5489420761589148,0.577394269176321,138,176,-38
2515971,Sobrado,0.4896516301333427,0.3248116230862473,0.31810707551856104,2.8410421436295774,5.126032528511356,0.587589405439004,0.4154884531392913,0.547658269879162,0.5760439219887842,184,177,7
2500809,Araçagi,0.5743045406999181,0.11032951675042686,0.3214143591394714,3.022616562565181,4.832778228281932,0.5848062138306386,0.41352043947967465,0.5464318465261069,0.5747539319399378,186,178,8
2513943,São Domingos do Cariri,0.46888277407515044,0.5458188041389451,0.07190292190615308,2.7964944376442333,5.428208347895606,0.7195618269308599,0.5088070473057918,0.5453917606935206,0.573659937463528,132,179,-47
2510105,Nova Floresta,0.512621609120901,0.34255168214232967,0.24620318929597979,2.8903111003578736,5.150287925352595,0.6165408089301482,0.43596018687274724,0.543294975286889,0.571454473663134,177,180,-3
2512077,Poço de José de Moura,0.1427148602248248,0.6141389870846434,0.2134508717235627,2.0968876664602223,5.521620277606504,0.6305031536688323,0.4458330555187351,0.5409965098623886,0.5690368765765841,169,181,-12
2511509,Pilar,0.4902561441744735,0.3242597555965985,0.2989075066552264,2.842338782871183,5.125277978319449,0.5877886320782224,0.41562932764687566,0.5398640536665914,0.5678457240926611,183,182,1
2501005,Araruna,0.5758858596624231,0.14162837161977432,0.26281092741688805,3.026008378272957,4.875572118828315,0.5930456297847553,0.4193465863738472,0.5295554516478642,0.5570028173683651,182,183,-1
2509107,Mari,0.5379889624812745,0.1731459210865679,0.3198740638740862,2.94472225309339,4.918665023274896,0.5651651384689206,0.3996321019016078,0.5274640463914181,0.5548030125764882,189,184,5
2511103,Pedra Lavrada,0.523667393847045,0.3578120965161227,0.17309636034482886,2.914003516010375,5.171152985915692,0.6342373654964041,0.44847354202439815,0.5261026798597751,0.5533710851149986,167,185,-18
2503704,Cajazeiras,0.04604002406636773,0.5943544448381344,0.24340055571261102,1.8895270797576382,5.494569526422742,0.5961349594805514,0.4215310723510656,0.5241319696114479,0.5512982310689885,180,186,-6
2516409,Tacima,0.56002038956803,0.08064364656549602,0.29323388977722176,2.991978083339813,4.792189718422033,0.565796990503934,0.4000788887602723,0.5173955775291954,0.5442126853399499,188,187,1
2508554,Logradouro,0.5463349605131085,0.11482157374313093,0.3079644028308974,2.962623820008518,4.83892006944757,0.5582704388338228,0.39475681303538573,0.5163278592252565,0.5430896261747594,192,188,4
2515005,São Miguel de Taipu,0.43105898432111095,0.3408776819791984,0.320385223106237,2.715365122650026,5.14799912021724,0.5495538572655635,0.38859325909970394,0.5130927971139423,0.5396868876990126,195,189,6
2505808,Duas Estradas,0.5264186624721542,0.13654720189514058,0.3231106915724072,2.919904789795251,4.868624803281109,0.5438398169905951,0.3845528224733008,0.5088059508887701,0.5351778501324734,196,190,6
2504900,Cruz do Espírito Santo,0.35478119458396656,0.40495707461922015,0.3289484595119238,2.551754736940705,5.235612757405014,0.5383864117105696,0.38069668261923617,0.5059262699081337,0.5321489125314247,197,191,6
2503308,Cachoeira dos Índios,0.06811765937329856,0.5660803604565009,0.24634133388516405,1.9368820233206883,5.455911304664227,0.5701640027334756,0.40316683272130577,0.5024834880721291,0.5285276880189171,187,192,-5
2512036,Poço Dantas,0.24400791454825202,0.5329757020501197,0.20918971478581733,2.314153999748599,5.410648398582461,0.5861765615733924,0.41448942166115954,0.5011963455601959,0.527173831679094,185,193,-8
2512747,Riachão,0.5563077768060192,0.041276646431223765,0.2601387427314197,2.9840147953620786,4.738364519323922,0.5578369870091655,0.3944503163108529,0.497062125665969,0.522825331212261,193,194,-1
2502201,Bom Jesus,0.06856786399115565,0.558172260411837,0.24325377172681353,1.9378476799217719,5.445098820656302,0.5623680505376965,0.3976542620578642,0.49438516114668235,0.5200096170607064,190,195,-5
2508208,Lagoa de Dentro,0.5086436089974242,0.12672184812083254,0.33239029322722863,2.8817785755325396,4.855190921570343,0.524191518211697,0.37065937716796254,0.4938629562322436,0.5194603457659234,199,196,3
2503605,Caiçara,0.511230857142155,0.10395710914002872,0.3149257122334615,2.887328037156216,4.824065445819613,0.5216934634774087,0.36889298572557216,0.4850668719931261,0.5102083520648825,200,197,3
2505238,Cuité de Mamanguape,0.4916370708520314,0.15753323310651926,0.3244706161695962,2.8453007715068015,4.897318310644608,0.516259362112648,0.36505049580089477,0.4834986551064277,0.508558852996527,201,198,3
2513307,Santa Helena,0.12285208589844188,0.5486226218956741,0.2153126168280195,2.0542834407741415,5.432041915311869,0.5622094060626182,0.39754208347373854,0.4831379097657321,0.5081794098796737,191,199,-8
2502052,Bernardino Batista,0.2061613626010894,0.5136964024665571,0.21199542179429484,2.2329758614834336,5.3842884490049485,0.553521906826298,0.39139909385218363,0.47437390984328204,0.49896116345613034,194,200,-6
2507101,Itapororoca,0.46099119538696715,0.1866294110752932,0.3258338752951354,2.7795675676145897,4.937100553813294,0.4973363241334939,0.3516698873251843,0.46625584953695265,0.49042233631702536,204,201,3
2515302,Sapé,0.42709631299747347,0.25092767801675125,0.3260846527758627,2.7068654770004374,5.025013450604596,0.4953543783705906,0.35026844003629143,0.4644856026838686,0.48856033587583086,206,202,4
2516805,Triunfo,0.16459083876872463,0.5119851889906771,0.21122362423318897,2.143810070736357,5.381948763336128,0.5377908310415971,0.38027554348946213,0.46059872199255203,0.48447199443944117,198,203,-5
2511905,Pitimbu,0.11688352256574533,0.48870316086151233,0.2933198554999049,2.0414813006969563,5.350116015217504,0.5024863553206299,0.3553115093009304,0.4595314298665325,0.4833493835413793,202,204,-2
2500601,Alhandra,0.18426165632503397,0.45061621149692616,0.32606746851429236,2.1860025629243975,5.298040987260173,0.48683398408028933,0.3442436114552363,0.45649025439466284,0.48015058103510394,208,205,3
2501807,Bayeux,0.200525936429147,0.43596212335079876,0.3447327914461271,2.2208882767119666,5.278004936522848,0.47986834046155136,0.3393181576170979,0.456292253280797,0.47994231733406534,210,206,4
2511202,Pedras de Fogo,0.2706599480933398,0.4128691838676081,0.30710654756760325,2.371320699298707,5.246430723064778,0.49367780028009584,0.3490829202993138,0.45628857076725293,0.479938443952321,207,207,0
2507507,João Pessoa,0.16198629099198222,0.44935122350464685,0.34333934864362436,2.138223502643343,5.296311410957459,0.4776568648459501,0.3377544082128775,0.4537187867301997,0.47723546554994073,211,208,3
2505279,Curral de Cima,0.4512162557571032,0.1725918288191381,0.32579330212579477,2.758601023504718,4.917907431217807,0.4830983842185712,0.34160214346121587,0.4528938337926949,0.47636775451239666,209,209,0
2503001,Caaporã,0.14579478986584896,0.47368919840803,0.2732330670899235,2.103493894541319,5.329587920225407,0.49561837883644816,0.35045511655593575,0.4462110429298707,0.4693385882052733,205,210,-5
2504603,Conde,0.14871096244322835,0.44926424620283617,0.3329209489674795,2.109748875471209,5.2961924897653185,0.4732370582139504,0.33462913297185726,0.4460341814730128,0.4691525598498912,212,211,1
2512721,Pedro Régis,0.4449532940342091,0.15379952851975076,0.3372856486014462,2.7451674200049765,4.892213339677277,0.4707841637574388,0.332894674668123,0.4451752709295283,0.4682491311511599,213,212,1
2507903,Juripiranga,0.37744252966906966,0.3238842846415206,0.25680646201843427,2.6003616746448324,5.1247646092833605,0.49735690710066155,0.3516844416808455,0.4419992788958318,0.4649085244116701,203,213,-10
2504033,Capim,0.39630076883987375,0.21857540387330798,0.3287214307326801,2.640811244502143,4.98077925467633,0.4525809392378945,0.320023051170892,0.4252214864192253,0.44726112289854986,214,214,0
2507309,Jacaraú,0.40865398378157,0.1449416399742925,0.3484832297663422,2.6673080041529653,4.88010224122116,0.4335967682755316,0.3065992151482005,0.413443899886871,0.4348730927878084,216,215,1
2513703,Santa Rita,0.26409873348861934,0.34805585878394835,0.33738644663546813,2.357247364768443,5.157813604286621,0.43691077105528603,0.30894256898663586,0.4131756045514699,0.43459089144847707,215,216,-1
2509305,Mataraca,0.30680037146105005,0.27261877347761554,0.3548668920592024,2.4488393141833993,5.054670969030052,0.41042351733432353,0.2902132522655347,0.39320032713139824,0.41358027628802135,218,217,1
2508901,Mamanguape,0.34103360517099135,0.22961538496914624,0.3412892299765793,2.522267144101672,4.99587385620797,0.4111291097337342,0.29071218143591165,0.3899291179829856,0.41013951723965897,217,218,-1
2503209,Cabedelo,0.1785422361622272,0.3640207193672892,0.3456887797115191,2.1737348170694752,5.179641830886082,0.4054484112960455,0.2866953210487461,0.38580267673108937,0.4057991985896309,219,219,0
2501401,Baía da Traição,0.2683464791442019,0.2966870643114481,0.3600660211538832,2.36635847440468,5.087578748176639,0.400041306615748,0.28287192066272226,0.38472448763190564,0.40466512591785997,220,220,0
2512903,Rio Tinto,0.27469156635041453,0.2781904392616406,0.34944505524725683,2.379968231173264,5.062288923639507,0.3909544437918934,0.2764465383402628,0.3730494142034888,0.39238492226331423,221,221,0
2509057,Marcação,0.2628956733820354,0.2651359177744623,0.36395133075636715,2.3546668871648317,5.044439907565605,0.3733780791330689,0.26401817170140035,0.360107936635988,0.3787726755315011,223,222,1
2508604,Lucena,0.21049653185405753,0.3139071364950662,0.3390685111824525,2.242274488463024,5.111123184140917,0.3779503674626053,0.26725126778475566,0.3578677572641557,0.37641638551949536,222,223,-1
