code,name,x,y,WIND_SPEED,SOLAR_IRRAD,n_points,IP_PB,wind_cls,solar_cls,group
2506202,Frei Martinho,0.9285619179953815,0.6530279742930515,5.883244537791815,5.929394970120055,14,1.1351972387037188,Good,Good,Good/Good
2509305,Mataraca,0.9127213490501208,0.6505035901805967,5.852432539016733,5.92758143556814,11,1.120810056097695,Good,Good,Good/Good
2516755,Tenório,0.8791502402883202,0.6796767018432665,5.787132298500043,5.948539595511419,4,1.111245051294966,Good,Good,Good/Good
2510303,Nova Palmeira,0.917716525704651,0.6202137673734703,5.862148817358285,5.905821022815952,13,1.1076410694764836,Good,Good,Good/Good
2501401,Baía da Traição,0.8783702024963249,0.6633973286027516,5.785615021969476,5.936844384109351,5,1.1007407634092152,Good,Good,Good/Good
2515401,São Vicente do Seridó,0.9011292131184702,0.6283165889100985,5.829884303573873,5.911642144392565,9,1.0985515894281592,Good,Good,Good/Good
2507705,Juazeirinho,0.8668352558167947,0.6647094959458276,5.763178027175381,5.937787053968039,17,1.0923562032265501,Good,Good,Good/Good
2511400,Picuí,0.9346103292283391,0.5595469427236387,5.895009496496587,5.862237567305137,25,1.0893067743347946,Good,Bad,Good/Bad
2507804,Junco do Seridó,0.8487828295223611,0.6779959169382533,5.728063673720435,5.9473321083130415,8,1.0863290270801607,Good,Good,Good/Good
2511103,Pedra Lavrada,0.9157300815343901,0.5750575902646641,5.8582849210833245,5.873380520986165,10,1.0813199407890262,Good,Bad,Good/Bad
2501351,Assunção,0.8423238079949715,0.6646146501233093,5.715500023760772,5.937718916090213,4,1.0729501529305443,Good,Good,Good/Good
2514701,São José do Sabugi,0.8260276369549827,0.6824737658982533,5.683801818736836,5.950549025170958,11,1.07149059639027,Good,Good,Good/Good
2513406,Santa Luzia,0.8190762240660494,0.6840033482609115,5.670280402545345,5.951647887444332,13,1.0671206310733734,Good,Good,Good/Good
2501153,Areia de Baraúnas,0.8234353212964511,0.6750446782539776,5.6787594223954345,5.945211918561223,3,1.0647680714585717,Good,Good,Good/Good
2513000,Salgadinho,0.8259972525713019,0.6613371345288911,5.683742717097496,5.935364326808181,6,1.0581296077334872,Good,Good,Good/Good
2513802,Santa Teresinha,0.47141471070913504,0.940149809222707,4.994032840938588,6.135665230531243,13,1.0517193034524326,Bad,Good,Bad/Good
2508604,Lucena,0.8024436706425659,0.6795020982782084,5.637927889357099,5.948414159134064,5,1.0514936738367961,Good,Good,Good/Good
2508802,Malta,0.34664900208123484,0.9907405621487169,4.751347058963239,6.172009968238157,5,1.0496344087970209,Bad,Good,Bad/Good
2505006,Cubati,0.9081694540956506,0.523494626872041,5.843578502129164,5.8363373407307355,5,1.0482453823968363,Good,Bad,Good/Bad
2504504,Condado,0.3212251448019465,0.9977638587103168,4.701894298645456,6.177055551800484,8,1.0481976490154576,Bad,Good,Bad/Good
2510709,Passagem,0.7863748024743578,0.691849264403832,5.606671818440284,5.957284446455461,4,1.0473971236463793,Good,Good,Good/Good
2501534,Baraúna,0.9307607568508274,0.4652797674664212,5.887521569781936,5.794515393569037,2,1.0405771708562186,Good,Bad,Good/Bad
2513851,Santo André,0.815219996921908,0.6462764993578185,5.662779531430657,5.924544665045237,6,1.0403157967672856,Good,Good,Good/Good
2503209,Cabedelo,0.7984458336131741,0.6656373758568376,5.630151568312176,5.938453649146776,2,1.039513763906863,Good,Good,Good/Good
2504207,Catingueira,0.38867666015399516,0.9617281019304675,4.833096404806329,6.151167221374779,17,1.0372996135115657,Bad,Good,Bad/Good
2510808,Patos,0.5488354694170247,0.880089404912247,5.144626442135412,6.0925174314773844,14,1.0371970560742056,Bad,Good,Bad/Good
2512606,Quixaba,0.7130568195231514,0.7525164770689711,5.464058657972969,6.000868180719088,6,1.0366923729481023,Good,Good,Good/Good
2505501,Vista Serrana,0.2710675619587427,0.9999999999999988,4.604331175346894,6.178662010766769,2,1.0360876522506455,Bad,Good,Bad/Good
2514909,São Mamede,0.7228373597207254,0.7420371027865166,5.483083100442724,5.993339727640214,19,1.0359116325825464,Good,Good,Good/Good
2513927,São Bentinho,0.26857660220650426,0.9999999999999988,4.599485929630028,6.178662010766769,5,1.0354387433608945,Bad,Good,Bad/Good
2516508,Taperoá,0.8036156509335426,0.6459486830722133,5.6402075458148175,5.924309159617322,21,1.0310421017533997,Good,Good,Good/Good
2510105,Nova Floresta,0.9371060092174769,0.4269890475967747,5.899863923697657,5.767007082469052,2,1.029799650067481,Good,Bad,Good/Bad
2503407,Cacimba de Areia,0.6991630687361194,0.7555833932386381,5.437033477645756,6.003071473955673,7,1.0294344373599138,Good,Good,Good/Good
2509057,Marcação,0.7987048593801941,0.6470850459101419,5.630655407640404,5.925125530335204,3,1.0279340976142712,Good,Good,Good/Good
2503555,Cacimbas,0.7374380051683043,0.7127367887094004,5.511483284249303,5.972290184625496,4,1.025577174788127,Good,Good,Good/Good
2514602,São José do Bonfim,0.5874455376085281,0.8404573480430801,5.219728124274067,6.06404549484102,5,1.0254076328640136,Good,Good,Good/Good
2508703,Mãe d'Água,0.5196871318268798,0.8824455925926417,5.087929075694422,6.094210132579451,8,1.0241020158522427,Bad,Good,Bad/Good
2503753,Cajazeirinhas,0.23335702125677535,0.9965645174933525,4.530979192982376,6.176193936990848,11,1.0235215370946493,Bad,Good,Bad/Good
2517100,Várzea,0.7231064373459389,0.7240081481512574,5.4836064919627585,5.980387605178097,9,1.0232647352081228,Good,Good,Good/Good
2510907,Paulista,0.23185226975328407,0.9932852051929325,4.528052252564858,6.173838056943122,21,1.019985771393364,Bad,Good,Bad/Good
2516151,Sossêgo,0.9205282779883873,0.4387480751361819,5.867618046918264,5.7754548470681115,6,1.019741233849044,Good,Bad,Good/Bad
2509370,Mato Grosso,0.19346332178747505,0.9999999999999988,4.453380678470099,6.178662010766769,2,1.0185421232708256,Bad,Good,Bad/Good
2512101,Pombal,0.19786679310774388,0.9986246539083313,4.461946011785782,6.1776739528694895,31,1.018038539156685,Bad,Good,Bad/Good
2509396,Maturéia,0.5848749845003848,0.8284917314786852,5.214728058967506,6.05544931529472,3,1.0141386969359147,Bad,Good,Bad/Good
2508109,Lagoa,0.17625292331202988,0.9984260690859115,4.419904180335684,6.177531288195294,6,1.0138637523880523,Bad,Good,Bad/Good
2516706,Teixeira,0.6427155491721033,0.7830995117927765,5.327235596668557,6.022839238887441,8,1.0130785371913094,Good,Good,Good/Good
2505907,Emas,0.2953441634280081,0.9686179622345377,4.65155237158795,6.156116943430802,8,1.0126445238257986,Bad,Good,Bad/Good
2516102,Soledade,0.8572186061335006,0.5386131606926385,5.744472373402087,5.847198597273534,19,1.012387216223504,Good,Bad,Good/Bad
2514404,São José de Espinharas,0.44397600446746327,0.909114669116544,4.940660933273545,6.113369376810594,27,1.0117332524661709,Bad,Good,Bad/Good
2513968,São Domingos,0.16633434789139018,0.9943743329211726,4.400611241125774,6.174620493640005,6,1.0081901751459796,Bad,Good,Bad/Good
2507408,Jericó,0.1832422487747721,0.989284906450484,4.433499341490617,6.170964215378515,6,1.0061124926501899,Bad,Good,Bad/Good
2506707,Imaculada,0.48140835240579294,0.8834305989639429,5.013471793969891,6.0949177677920945,14,1.0060833091508135,Bad,Good,Bad/Good
2512804,Riacho dos Cavalos,0.1960387867609871,0.9865482143168602,4.458390298003548,6.168998157313979,7,1.0058372557658148,Bad,Good,Bad/Good
2505402,Desterro,0.7330483585992208,0.6879940006931717,5.502944841900607,5.954514799034718,8,1.005333596889514,Good,Good,Good/Good
2502300,Bom Sucesso,0.18189988596839912,0.9868721313580673,4.430888268536824,6.16923086149845,7,1.0034959751620984,Bad,Good,Bad/Good
2510659,Parari,0.781777342995315,0.6280051903694019,5.59772915253439,5.911418433583191,5,1.0027793043096387,Good,Good,Good/Good
2508505,Livramento,0.7799754975034813,0.6294585200231501,5.594224325070229,5.912462515396807,8,1.002287286727482,Good,Good,Good/Good
2510501,Olivedos,0.8935706268954647,0.446160101277971,5.815181855053911,5.780779696579525,9,0.9987628853850764,Good,Bad,Good/Bad
2507507,João Pessoa,0.7793923218659937,0.6175253644344766,5.593089971431164,5.903889656034139,9,0.9943791867811785,Good,Good,Good/Good
2504801,Coremas,0.15260674565568444,0.9800632060403074,4.373909241675311,6.164339283681811,12,0.991873331960097,Bad,Good,Bad/Good
2513901,São Bento,0.24937354618117122,0.9570266090229468,4.562133449376633,6.147789637198385,11,0.9889828592614399,Bad,Good,Bad/Good
2513208,Santa Cruz,0.16203923831615577,0.9754207279187644,4.392256685716288,6.161004096125216,8,0.9887883045463535,Bad,Good,Bad/Good
2505105,Cuité,0.9292868216319754,0.32444634466619365,5.884654571108166,5.693339713904273,27,0.984296412381003,Good,Bad,Good/Bad
2513984,São Francisco,0.15075494430969152,0.9721694770114921,4.370307243476787,6.158668375571364,3,0.9837888723026991,Bad,Good,Bad/Good
2514800,São José dos Cordeiros,0.7697327137110458,0.6122188323974197,5.574300757756672,5.900077407671237,12,0.983514285254175,Good,Bad,Good/Bad
2502904,Brejo dos Santos,0.20732511606273224,0.9600394383868416,4.480343699161185,6.149954074109347,4,0.9821707728335982,Bad,Good,Bad/Good
2510402,Olho d'Água,0.3291175061955329,0.9229179608206324,4.717245983956257,6.123285754556758,18,0.9798448322513524,Bad,Good,Bad/Good
2500106,Água Branca,0.4289613822307403,0.8791423451457503,4.911455509935222,6.091837057361261,9,0.9782122113701489,Bad,Good,Bad/Good
2512903,Rio Tinto,0.7460969118010761,0.6306689163781732,5.528326001293399,5.913332072292096,17,0.9769359671363942,Good,Good,Good/Good
2500775,Aparecida,0.1375635068675493,0.9671334270836472,4.344648155364901,6.1550504433778235,8,0.9768678437763517,Bad,Good,Bad/Good
2506509,Gurjão,0.7937243582368668,0.5620874613010061,5.62096767510644,5.864062692965333,14,0.9725948133782825,Good,Bad,Good/Bad
2504306,Catolé do Rocha,0.2208426318929697,0.9438886576317572,4.506637052805408,6.138351244415077,22,0.9693798358060138,Bad,Good,Bad/Good
2501609,Barra de Santa Rosa,0.9034504318730611,0.3354824316953718,5.834399380631415,5.701268113170693,26,0.9637277337650195,Good,Bad,Good/Bad
2511301,Piancó,0.2052969735975907,0.9397617874563402,4.476398694195292,6.135386473080374,21,0.9619246667652647,Bad,Good,Bad/Good
2502805,Brejo do Cruz,0.2522323955684659,0.9275832005005127,4.567694289023483,6.1266372941701945,15,0.9612657152031281,Bad,Good,Bad/Good
2500734,Amparo,0.7374891788917737,0.6164615096920045,5.511582823900328,5.903125375620484,5,0.96120501554778,Good,Good,Good/Good
2504603,Conde,0.7670833497129649,0.571464847373311,5.569147394860067,5.870799470290486,7,0.9565505408446876,Good,Bad,Good/Bad
2510600,Ouro Velho,0.6790604019944605,0.6724153413201133,5.397931135731126,5.943322985195393,8,0.9556492143038274,Good,Good,Good/Good
2514206,São José da Lagoa Tapada,0.11632356771630109,0.9477834192941792,4.303333668405966,6.141149267430443,12,0.9548950634992386,Bad,Good,Bad/Good
2508406,Lastro,0.1472335162986353,0.9370508488455936,4.363457600895251,6.133438916520162,5,0.9485473112311837,Bad,Good,Bad/Good
2515500,Serra Branca,0.7278069331533235,0.6021199488451839,5.492749577136018,5.89282230169613,21,0.9445905804862619,Good,Bad,Good/Bad
2508000,Juru,0.32879065037639105,0.8759224588471048,4.7166102062178545,6.089523869353533,13,0.9355979081248997,Bad,Good,Bad/Good
2514651,São José do Brejo do Cruz,0.38177878280910604,0.8540846845554935,4.8196791223188225,6.073835465192159,10,0.9355296293519834,Bad,Good,Bad/Good
2512200,Prata,0.65652096476014,0.6592714125023897,5.354088953366666,5.933880298188597,7,0.9304077452990602,Good,Good,Good/Good
2502003,Belém do Brejo do Cruz,0.3823662358836567,0.8480719685203841,4.820821796137927,6.069515889487845,28,0.930284903743942,Bad,Good,Bad/Good
2514008,São João do Cariri,0.7298633027799744,0.5695970049000582,5.496749487659209,5.869457599674971,18,0.9258191987294331,Good,Bad,Good/Bad
2505352,Damião,0.8862001231825035,0.2593515261127509,5.80084525185738,5.646575157743898,5,0.9233709289476778,Good,Bad,Good/Bad
2516201,Sousa,0.11675688476308227,0.9130109088398664,4.304176527293219,6.116168461674867,24,0.9204461362840187,Bad,Good,Bad/Good
2501807,Bayeux,0.6706317684755101,0.6296249550232975,5.38153633030722,5.912582083422103,2,0.9198774662294319,Good,Good,Good/Good
2516300,Sumé,0.6965101219834343,0.5996504063351502,5.431873145818247,5.891048165720835,29,0.9190794088887474,Good,Bad,Good/Bad
2512002,Pocinhos,0.8671990150278517,0.29668256197194276,5.763885586885152,5.673394025385859,21,0.9165449657510054,Good,Bad,Good/Bad
2502607,Igaracy,0.12026932701742465,0.9080133183560337,4.311008691391133,6.112578159004989,7,0.9159437195227446,Bad,Good,Bad/Good
2513604,Santana dos Garrotes,0.2187973672088937,0.8890628520701874,4.502658742862233,6.098964016365322,10,0.915589997121375,Bad,Good,Bad/Good
2517209,Vieirópolis,0.1326972293581132,0.9040172428332189,4.335182602885183,6.109707351429814,5,0.91370439969341,Bad,Good,Bad/Good
2516607,Tavares,0.2797077250927264,0.8664739930537397,4.621137433810259,6.0827360278779405,10,0.9105018353166788,Bad,Good,Bad/Good
2504850,Coxixola,0.6832559835219802,0.5961938261824875,5.406092095942429,5.888564935253892,7,0.9067997669809487,Good,Bad,Good/Bad
2500577,Algodão de Jandaíra,0.8612817439832495,0.2651630469247106,5.752375713167349,5.6507501934445505,8,0.9011757231379594,Good,Bad,Good/Bad
2500205,Aguiar,0.09921923342204485,0.8948866842997214,4.270063479112615,6.103147896671295,10,0.9003702760630248,Bad,Good,Bad/Good
2508901,Mamanguape,0.71003767493994,0.5416722318451562,5.458186022998736,5.849396254596952,10,0.8930634392842586,Good,Bad,Good/Bad
2510204,Nova Olinda,0.19391049256464332,0.8702820839071997,4.4542504846927145,6.085471786000291,3,0.8916233423910125,Bad,Good,Bad/Good
2511905,Pitimbu,0.721991853640631,0.514579498310565,5.481438479444941,5.829932652315362,10,0.8866026713274595,Good,Bad,Good/Bad
2512309,Princesa Isabel,0.2201459542293375,0.8559096992147661,4.505281922734471,6.075146568017602,15,0.8837678735807593,Bad,Good,Bad/Good
2509156,Marizópolis,0.0936920084146064,0.8732950562955502,4.259312296453248,6.087636325660985,2,0.8783065796127288,Bad,Good,Bad/Good
2509701,Monteiro,0.5759313482752539,0.661934706136738,5.197331505260011,5.935793626276803,40,0.8774135131820581,Bad,Good,Bad/Good
2510006,Nazarezinho,0.08484571469697805,0.8732410823433465,4.242105086779563,6.087597550410126,6,0.8773532830021327,Bad,Good,Bad/Good
2511004,Pedra Branca,0.1706668100453649,0.8592122134355415,4.409038452234331,6.077519116481211,4,0.8759981665322498,Bad,Good,Bad/Good
2501203,Areial,0.8425252318826518,0.2287179533389134,5.715891819825795,5.624567792699953,1,0.8730181375770252,Good,Bad,Good/Bad
2502151,Boa Vista,0.7971864185086048,0.3514737070426135,5.6277018395938825,5.71275635310546,16,0.8712289897592098,Good,Bad,Good/Bad
2504702,Congo,0.6289067526372569,0.594908816547229,5.300375663582357,5.887641775675449,11,0.8657021448040686,Good,Bad,Good/Bad
2507002,Itaporanga,0.11624202704718571,0.8575420723167151,4.303175061034882,6.076319275850532,15,0.8653846628206932,Bad,Good,Bad/Good
2507309,Jacaraú,0.7324122156641946,0.4591611940313308,5.501707459872062,5.790119769195467,11,0.8644400822257216,Good,Bad,Good/Bad
2513703,Santa Rita,0.5988300498325444,0.6216647756224732,5.24187250418324,5.906863436916761,23,0.8631712007662139,Good,Good,Good/Good
2516904,Uiraúna,0.12233107901137234,0.8466645272511772,4.315019071329604,6.068504774198811,11,0.8554564364113149,Bad,Good,Bad/Good
2504108,Carrapateira,0.07185414851780922,0.8520419016096206,4.216834774672578,6.0723679161626265,2,0.8550663253559677,Bad,Good,Bad/Good
2503902,Camalaú,0.6141077589800942,0.5943388069751248,5.271589666310879,5.887232276958977,16,0.8546150929606662,Good,Bad,Good/Bad
2506004,Esperança,0.8219100265488049,0.23400370919638008,5.675792522654743,5.628365115315479,5,0.8545723068641536,Good,Bad,Good/Bad
2500700,São João do Rio do Peixe,0.09371290751151477,0.8488465344830309,4.259352947957027,6.070072342893277,17,0.8540038337959105,Bad,Good,Bad/Good
2514552,São José de Princesa,0.19001389038974528,0.8319704223183496,4.446671078810588,6.057948430228153,7,0.8533932634803366,Bad,Good,Bad/Good
2509503,Montadas,0.8240819967113819,0.21666762803432563,5.680017291488495,5.615910757824058,1,0.8520891962358395,Good,Bad,Good/Bad
2513943,São Domingos do Cariri,0.6831154096103326,0.4965623061011843,5.405818661117679,5.816988980059235,7,0.8445240000660837,Good,Bad,Good/Bad
2512408,Puxinanã,0.8154920856064598,0.20866302636440043,5.663308779858797,5.610160198061344,2,0.8417645753168305,Good,Bad,Good/Bad
2505303,Curral Velho,0.1512547936732156,0.8267222446454395,4.371279516507499,6.054178104033559,8,0.8404449312124626,Bad,Good,Bad/Good
2504157,Casserengue,0.801404758064449,0.24808576903459015,5.635907067176092,5.638481761967117,7,0.8389255837354241,Good,Bad,Good/Bad
2503506,Cacimba de Dentro,0.8010247222383378,0.24808576903459034,5.635167847300272,5.6384817619671175,5,0.8385625524875829,Good,Bad,Good/Bad
2502102,Boa Ventura,0.12074363783743487,0.8295569518660223,4.311931288581655,6.0562145767968465,6,0.838298134596197,Bad,Good,Bad/Good
2504074,Caraúbas,0.6250221047781923,0.5510010667363879,5.292819510423419,5.856098152426557,17,0.833219543101336,Good,Bad,Good/Bad
2512077,Poço de José de Moura,0.09822475740167581,0.824398149209269,4.26812909190548,6.052508458215933,3,0.8302291318583601,Bad,Good,Bad/Good
2503100,Cabaceiras,0.7328561228894127,0.3897763507474554,5.502570918055095,5.740273230368976,15,0.8300624678049872,Good,Bad,Good/Bad
2513653,Joca Claudino,0.11336992501566107,0.8154076811496265,4.297588443244633,6.046049645397552,3,0.8232511320222204,Bad,Good,Bad/Good
2514305,São José de Caiana,0.07393807904850118,0.8194910233430472,4.220888294794293,6.04898314593676,6,0.8228197718049909,Bad,Good,Bad/Good
2517407,Zabelê,0.5471340556265454,0.6138468821012794,5.141316967595116,5.901247009545855,4,0.8222917180002567,Bad,Bad,Bad/Bad
2503704,Cajazeiras,0.06290276727477515,0.8193364010337575,4.199423155882322,6.048872064228153,16,0.8217474649731357,Bad,Good,Bad/Good
2516805,Triunfo,0.094463027075952,0.8154953982804413,4.260812029583481,6.0461126619752354,9,0.8209482371629332,Bad,Good,Bad/Good
2513307,Santa Helena,0.08230951958498288,0.8149222412181426,4.237171852313414,6.045700902080605,7,0.8190684441768656,Bad,Good,Bad/Good
2515708,Serra Grande,0.06366045817318271,0.8158932876948365,4.200896964753348,6.046398508410921,3,0.8183730878030562,Bad,Good,Bad/Good
2502201,Bom Jesus,0.0727176903478806,0.8149222412181433,4.218514477586175,6.045700902080605,3,0.8181602054130548,Bad,Good,Bad/Good
2501005,Araruna,0.7761511233076288,0.2583638454092246,5.58678541214701,5.645865601272969,10,0.8180234977226116,Good,Bad,Good/Bad
2512705,Remígio,0.7808977163698335,0.2433868595623847,5.596018162569286,5.635106033748056,6,0.8179476797688596,Good,Bad,Good/Bad
2509008,Manaíra,0.16500975649185584,0.7995019108271665,4.398034735905477,6.0346228328485925,14,0.8163525740473855,Bad,Good,Bad/Good
2502052,Bernardino Batista,0.10890906047207112,0.808059778762539,4.288911472529258,6.040770862823486,3,0.8153660463292991,Bad,Good,Bad/Good
2503308,Cachoeira dos Índios,0.0606401610812934,0.8120030976785237,4.195022087997515,6.043603769696917,10,0.8142642444412523,Bad,Good,Bad/Good
2514503,São José de Piranhas,0.05294745703130928,0.811787727150048,4.1800587625901855,6.043449046058416,25,0.8135125980324601,Bad,Good,Bad/Good
2504033,Capim,0.6150568464053596,0.5301256816300448,5.273435766705743,5.84110113513902,2,0.811990247868671,Good,Bad,Good/Bad
2512036,Poço Dantas,0.13099893731797324,0.7994679814960126,4.331879200561608,6.034598457788526,7,0.810129480401588,Bad,Good,Bad/Good
2512721,Pedro Régis,0.6796156307526761,0.438651322769436,5.399011128998865,5.775385339516068,3,0.8088834208529272,Good,Bad,Good/Bad
2505279,Curral de Cima,0.6556738967231044,0.44600534203003395,5.352441294156335,5.78066851649327,2,0.792987404668818,Good,Bad,Good/Bad
2505600,Diamante,0.07846046681273469,0.7866617332409552,4.22968493629963,6.025398362772736,9,0.7905648154314332,Bad,Good,Bad/Good
2500601,Alhandra,0.5792736093430183,0.5264477672246817,5.203832644472992,5.838458896653918,6,0.7827548569617058,Bad,Bad,Bad/Bad
2515203,São Sebastião do Umbuzeiro,0.5555183436892415,0.5512713745723556,5.157625515249587,5.856292343396847,18,0.7826242767753455,Bad,Bad,Bad/Bad
2509602,Monte Horebe,0.03595028717943247,0.780454490330439,4.146997022291232,6.020939037650696,6,0.7812820455029215,Bad,Good,Bad/Good
2514107,São João do Tigre,0.5625162258804599,0.5351833384198508,5.171237320371556,5.844734589847748,33,0.7764313943298616,Bad,Bad,Bad/Bad
2507101,Itapororoca,0.6255723633231186,0.4579371404966509,5.293889835969858,5.78924040089031,5,0.7752723433735537,Good,Bad,Good/Bad
2515104,São Sebastião de Lagoa de Roça,0.7492887940096399,0.19142041482908592,5.534534633763629,5.597772989779432,1,0.773353394019681,Good,Bad,Good/Bad
2513505,Santana de Mangueira,0.10701249522754676,0.7646951093094927,4.285222402635805,6.009617392162098,14,0.7721465433042375,Bad,Good,Bad/Good
2504009,Campina Grande,0.7520460082216021,0.15978738941675508,5.539897779570777,5.575047611227174,19,0.7688336675111643,Good,Bad,Good/Bad
2502409,Bonito de Santa Fé,0.03230878158362083,0.7651714475386986,4.139913812947847,6.009959596754814,8,0.7658532506269627,Bad,Good,Bad/Good
2508307,Lagoa Seca,0.7395882964580951,0.1709665792393465,5.515665884812202,5.583078816504394,5,0.7590918386299453,Good,Bad,Good/Bad
2516003,Solânea,0.7153806246464599,0.24808576903459031,5.4685787658592675,5.638481761967118,7,0.757176324852437,Good,Bad,Good/Bad
2500908,Arara,0.7069680284230628,0.24808576903459062,5.452215155093372,5.6384817619671175,4,0.7492331693203904,Good,Bad,Good/Bad
2506608,Ibiara,0.04606773329514021,0.7456561579301088,4.166676791269316,5.995939681235154,7,0.7470778687058287,Bad,Good,Bad/Good
2508208,Lagoa de Dentro,0.6416244101800491,0.37436109737391715,5.325113187214527,5.729198808500492,3,0.7428513410945016,Good,Bad,Good/Bad
2515302,Sapé,0.5547629905095871,0.49339028761565223,5.156156253550296,5.814710180610909,12,0.7424257212358663,Bad,Bad,Bad/Bad
2505238,Cuité de Mamanguape,0.5935928505011394,0.44449875037492825,5.23168545976951,5.77958617089908,2,0.7415737395909734,Good,Bad,Good/Bad
2504355,Caturité,0.7340747197205965,0.10344380874992726,5.504941249840493,5.534570003317302,3,0.7413274011538787,Good,Bad,Good/Bad
2512747,Riachão,0.6935077215522297,0.25680763003972923,5.426033080431186,5.644747605668071,2,0.7395289843536813,Good,Bad,Good/Bad
2505808,Duas Estradas,0.6263499911844985,0.38779257362664377,5.295402424867081,5.73884807152166,1,0.7366799791068014,Good,Bad,Good/Bad
2505709,Dona Inês,0.6925863448582821,0.2501197221346904,5.424240881068687,5.639942967575965,7,0.7363665666533822,Good,Bad,Good/Bad
2502508,Boqueirão,0.7087946380217974,0.18435387657219265,5.455768152016225,5.592696341091909,13,0.732377082311869,Good,Bad,Good/Bad
2504900,Cruz do Espírito Santo,0.5218671839106116,0.5137099060252971,5.092169564932257,5.829307931359613,6,0.7322863000161287,Bad,Bad,Bad/Bad
2500403,Alagoa Nova,0.70282881703578,0.20194854245891677,5.444163842250034,5.6053364675914885,6,0.7312670920102962,Good,Bad,Good/Bad
2503001,Caaporã,0.5378268616112793,0.4919427791850467,5.123213245968145,5.813670280803214,5,0.7288795724006442,Bad,Bad,Bad/Bad
2503605,Caiçara,0.6479812186117707,0.32867972860307487,5.337478019203106,5.696381005442741,7,0.7265741694198785,Good,Bad,Good/Bad
2504405,Conceição,0.023181173697036424,0.724553728197695,4.122159410060379,5.980779553558761,23,0.7249244594157046,Bad,Good,Bad/Good
2501708,Barra de São Miguel,0.6409544782230718,0.336837241707466,5.323810081075532,5.7022414178100655,25,0.7240731803866955,Good,Bad,Good/Bad
2513356,Santa Inês,0.07308994781745039,0.7172707670232736,4.219238567531179,5.975547425189351,16,0.7209850856280682,Bad,Good,Bad/Good
2508554,Logradouro,0.6465554491880487,0.3055149157348658,5.334704709362463,5.679739247828339,0,0.7151037075915924,Good,Bad,Good/Bad
2501104,Areia,0.6725344314879225,0.24142503772431928,5.385237261164592,5.6336966477237675,8,0.7145548337090527,Good,Bad,Good/Bad
2509339,Matinhas,0.6861648008623683,0.18134753772350667,5.411750129857669,5.590536567010795,0,0.7097246391248315,Good,Bad,Good/Bad
2515906,Serraria,0.6546129759522429,0.24808576903459031,5.350377663133661,5.6384817619671175,1,0.7000462106765065,Good,Bad,Good/Bad
2512507,Queimadas,0.6953958371278982,0.05783069336044607,5.429705714602706,5.501801233948512,14,0.6977963595414928,Good,Bad,Good/Bad
2501500,Bananeiras,0.6502039593683455,0.24988902661807344,5.341801543547817,5.639777234362746,9,0.6965699637526739,Good,Bad,Good/Bad
2500809,Araçagi,0.5867993862641739,0.3748348811197924,5.218471274567498,5.729539177935176,6,0.696300730880056,Good,Bad,Good/Bad
2516409,Tacima,0.6362308009137101,0.2680219169564637,5.31462190481918,5.652804024934155,10,0.6903806051739276,Good,Bad,Good/Bad
2515930,Sertãozinho,0.6007134446762659,0.3391925682495506,5.245535955907624,5.703933500264569,2,0.6898610301869147,Good,Bad,Good/Bad
2515609,Serra da Raiz,0.604812149716417,0.3229199863384378,5.25350847855583,5.692243167799293,1,0.685620196625953,Good,Bad,Good/Bad
2502706,Borborema,0.6319455378807978,0.2480857690345891,5.306286502235014,5.638481761967117,1,0.6788974235073619,Good,Bad,Good/Bad
2512788,Riacho de Santo Antônio,0.6461555236251618,0.1890516231621703,5.333926801321636,5.596071233888542,3,0.6732439950950608,Good,Bad,Good/Bad
2501575,Barra de Santana,0.666044346145816,0.016785341331612497,5.372613187982487,5.472313976548772,11,0.6662558207748929,Good,Bad,Good/Bad
2501906,Belém,0.598021314560669,0.2925800407042243,5.240299407264025,5.670446746470473,2,0.6657571425732931,Good,Bad,Good/Bad
2509206,Massaranduba,0.6473872729248463,0.1466851943810872,5.336322716395409,5.565634906050546,7,0.6637972788402245,Good,Bad,Good/Bad
2511608,Pilões,0.6153165782000787,0.24808576903459031,5.273940979351096,5.6384817619671175,2,0.6634463355881451,Good,Bad,Good/Bad
2511202,Pedras de Fogo,0.46818834163237266,0.4556718856712321,4.9877571269547865,5.787613026563829,15,0.6533277819224036,Bad,Bad,Bad/Bad
2500536,Alcantil,0.6443282435491013,0.09244264804213692,5.33037250023183,5.52666669535545,13,0.6509259010149407,Good,Bad,Good/Bad
2511806,Pirpirituba,0.5901752583401454,0.2647399358607748,5.225037791630685,5.650446227605929,2,0.6468338806806772,Good,Bad,Good/Bad
2509107,Mari,0.5272649676379455,0.37118915040676165,5.102668967205591,5.72692006043145,6,0.6448175955089449,Bad,Bad,Bad/Bad
2511707,Pilõezinhos,0.5830488095025482,0.26431508728593855,5.2111759074008,5.650141013527772,1,0.6401627758854088,Bad,Bad,Bad/Bad
2506301,Guarabira,0.5549995776381523,0.3081963445954364,5.156616446763098,5.681665604385231,6,0.6348303064603299,Bad,Bad,Bad/Bad
2515005,São Miguel de Taipu,0.48576095651047363,0.3970518569623074,5.021938183832861,5.745500003045211,3,0.6273865506903913,Bad,Bad,Bad/Bad
2505204,Cuitegi,0.5613978436447702,0.26498010476878775,5.169061919210446,5.650618766567344,2,0.6207914261426906,Bad,Bad,Bad/Bad
2515971,Sobrado,0.4981151961136563,0.3674397929517814,5.0459688115733,5.724226496778226,3,0.6189755649811988,Bad,Bad,Bad/Bad
2500304,Alagoa Grande,0.5755140264256652,0.21903835414365547,5.196519759143897,5.617613903431409,11,0.6157874594359996,Bad,Bad,Bad/Bad
2515807,Serra Redonda,0.591425545061883,0.17057206104707956,5.2274697644387205,5.582795391977395,1,0.6155314803985203,Good,Bad,Good/Bad
2512762,Riachão do Poço,0.5031815207318878,0.35206805842816197,5.055823482101269,5.713183339144689,1,0.6141201515757572,Bad,Bad,Bad/Bad
2506103,Fagundes,0.6096826691130134,0.06064898967637925,5.26298228206633,5.5038259170073465,6,0.612691812386565,Good,Bad,Good/Bad
2509800,Mulungu,0.5278433154055385,0.3023942274997962,5.1037939300000605,5.6774973243777325,5,0.608326256579074,Bad,Bad,Bad/Bad
2503803,Caldas Brandão,0.5043309234028287,0.32025233988617496,5.058059222106031,5.690326712617374,2,0.5974204896912392,Bad,Bad,Bad/Bad
2512754,Riachão do Bacamarte,0.5842652517904713,0.12404288451729578,5.213542048314991,5.549368518114361,2,0.5972876372813638,Bad,Bad,Bad/Bad
2500502,Alagoinha,0.5373805111172324,0.25376082767945246,5.122345035304542,5.642558762327648,3,0.594283073453366,Bad,Bad,Bad/Bad
2513158,Santa Cecília,0.5773437280305342,0.005061846024318898,5.200078770427066,5.463891738544626,9,0.5773659174053914,Bad,Bad,Bad/Bad
2507606,Juarez Távora,0.5448674607978987,0.1871632688401089,5.136908141288106,5.594714627422665,2,0.5761168623111674,Bad,Bad,Bad/Bad
2511509,Pilar,0.47263047419292903,0.3261861759787498,4.996397661489094,5.694589620439596,3,0.5742621235424403,Bad,Bad,Bad/Bad
2506251,Gado Bravo,0.5735761463442814,0.002920933976195918,5.192750326436007,5.462353692906989,9,0.5735835837177088,Bad,Bad,Bad/Bad
2507903,Juripiranga,0.4518389864356829,0.3283030289192306,4.955955471721658,5.696110381852229,4,0.5585170977336024,Bad,Bad,Bad/Bad
2506400,Gurinhém,0.49941541040564574,0.2440801018866102,5.048497900099765,5.635604063703811,11,0.555869452558438,Bad,Bad,Bad/Bad
2506806,Ingá,0.5414569794740997,0.11885204257017541,5.130274304666804,5.545639382291416,8,0.554347786722666,Bad,Bad,Bad/Bad
2514453,São José dos Ramos,0.47852919174140085,0.2780899773894684,5.0078714462064315,5.6600369873727665,4,0.5534656474191992,Bad,Bad,Bad/Bad
2507200,Itatuba,0.5201524662559368,0.055210785436914565,5.0888342126189645,5.499919074447224,10,0.523074391440352,Bad,Bad,Bad/Bad
2501302,Aroeiras,0.504597157954236,0.0069526903957804745,5.0585770834720085,5.465250133878766,12,0.5046450551815918,Bad,Bad,Bad/Bad
2517001,Umbuzeiro,0.4946167727642673,1.059700236133459e-15,5.039163916097097,5.460255274261604,7,0.4946167727642673,Bad,Bad,Bad/Bad
2506905,Itabaiana,0.44718187762348527,0.20975236875639627,4.946896779984466,5.610942788974114,9,0.4939308533325135,Bad,Bad,Bad/Bad
2509404,Mogeiro,0.47401996182931694,0.12639213057429613,4.999100398461378,5.551056232307418,7,0.49058118072728496,Bad,Bad,Bad/Bad
2513109,Salgado de São Félix,0.4297775427788279,0.07432689756487698,4.913043049997379,5.51365221817574,5,0.43615733855872124,Bad,Bad,Bad/Bad
2509909,Natuba,0.42309049213855826,0.014247901774895521,4.900035853295739,5.470491062877752,10,0.4233303287540765,Bad,Bad,Bad/Bad
